key,value
Wicking,0.06615
Odor Control,0.11025000000000001
Xtemp,0.33075
Odor Control + Wicking,0.1764
Xtemp + Odor Control,0.44100000000000006
None,0.0
OTHER,0.0
9,150.0
